Energy_MeV,Total_Deposit_MeV,Ionization_Loss,Radiative_Loss,Process_Info
1,1.4847,N/A,N/A,"PhysicsList::AddPhysicsList: <emstandard_opt3>;/testem/phys/addPhysics emstandard_opt4;PhysicsList::AddPhysicsList: <emstandard_opt4>;"
2,2.5513,N/A,N/A,"PhysicsList::AddPhysicsList: <emstandard_opt3>;/testem/phys/addPhysics emstandard_opt4;PhysicsList::AddPhysicsList: <emstandard_opt4>;"
5,5.7173,N/A,N/A,"PhysicsList::AddPhysicsList: <emstandard_opt3>;/testem/phys/addPhysics emstandard_opt4;PhysicsList::AddPhysicsList: <emstandard_opt4>;"
10,7.1545,N/A,N/A,"PhysicsList::AddPhysicsList: <emstandard_opt3>;/testem/phys/addPhysics emstandard_opt4;PhysicsList::AddPhysicsList: <emstandard_opt4>;"
20,3.1454,N/A,N/A,"PhysicsList::AddPhysicsList: <emstandard_opt3>;/testem/phys/addPhysics emstandard_opt4;PhysicsList::AddPhysicsList: <emstandard_opt4>;"
50,1.7843,N/A,N/A,"PhysicsList::AddPhysicsList: <emstandard_opt3>;/testem/phys/addPhysics emstandard_opt4;PhysicsList::AddPhysicsList: <emstandard_opt4>;"
100,1.3776,N/A,N/A,"PhysicsList::AddPhysicsList: <emstandard_opt3>;/testem/phys/addPhysics emstandard_opt4;PhysicsList::AddPhysicsList: <emstandard_opt4>;"
200,1.2107,N/A,N/A,"PhysicsList::AddPhysicsList: <emstandard_opt3>;/testem/phys/addPhysics emstandard_opt4;PhysicsList::AddPhysicsList: <emstandard_opt4>;"
500,1.1671,N/A,N/A,"PhysicsList::AddPhysicsList: <emstandard_opt3>;/testem/phys/addPhysics emstandard_opt4;PhysicsList::AddPhysicsList: <emstandard_opt4>;"
1000,1.1837,N/A,N/A,"PhysicsList::AddPhysicsList: <emstandard_opt3>;/testem/phys/addPhysics emstandard_opt4;PhysicsList::AddPhysicsList: <emstandard_opt4>;"
2000,1.2086,N/A,N/A,"PhysicsList::AddPhysicsList: <emstandard_opt3>;/testem/phys/addPhysics emstandard_opt4;PhysicsList::AddPhysicsList: <emstandard_opt4>;"
5000,1.2378,N/A,N/A,"PhysicsList::AddPhysicsList: <emstandard_opt3>;/testem/phys/addPhysics emstandard_opt4;PhysicsList::AddPhysicsList: <emstandard_opt4>;"
10000,1.2536,N/A,N/A,"PhysicsList::AddPhysicsList: <emstandard_opt3>;/testem/phys/addPhysics emstandard_opt4;PhysicsList::AddPhysicsList: <emstandard_opt4>;"
20000,1.2646,N/A,N/A,"PhysicsList::AddPhysicsList: <emstandard_opt3>;/testem/phys/addPhysics emstandard_opt4;PhysicsList::AddPhysicsList: <emstandard_opt4>;"
50000,1.2725,N/A,N/A,"PhysicsList::AddPhysicsList: <emstandard_opt3>;/testem/phys/addPhysics emstandard_opt4;PhysicsList::AddPhysicsList: <emstandard_opt4>;"
100000,1.2759,N/A,N/A,"PhysicsList::AddPhysicsList: <emstandard_opt3>;/testem/phys/addPhysics emstandard_opt4;PhysicsList::AddPhysicsList: <emstandard_opt4>;"
200000,1.2772,N/A,N/A,"PhysicsList::AddPhysicsList: <emstandard_opt3>;/testem/phys/addPhysics emstandard_opt4;PhysicsList::AddPhysicsList: <emstandard_opt4>;"
500000,1.2794,N/A,N/A,"PhysicsList::AddPhysicsList: <emstandard_opt3>;/testem/phys/addPhysics emstandard_opt4;PhysicsList::AddPhysicsList: <emstandard_opt4>;"
1000000,1.2811,N/A,N/A,"PhysicsList::AddPhysicsList: <emstandard_opt3>;/testem/phys/addPhysics emstandard_opt4;PhysicsList::AddPhysicsList: <emstandard_opt4>;"
2000000,1.2834,N/A,N/A,"PhysicsList::AddPhysicsList: <emstandard_opt3>;/testem/phys/addPhysics emstandard_opt4;PhysicsList::AddPhysicsList: <emstandard_opt4>;"
5000000,1.286,N/A,N/A,"PhysicsList::AddPhysicsList: <emstandard_opt3>;/testem/phys/addPhysics emstandard_opt4;PhysicsList::AddPhysicsList: <emstandard_opt4>;"
10000000,1.2879,N/A,N/A,"PhysicsList::AddPhysicsList: <emstandard_opt3>;/testem/phys/addPhysics emstandard_opt4;PhysicsList::AddPhysicsList: <emstandard_opt4>;"
100000000,1.2956,N/A,N/A,"PhysicsList::AddPhysicsList: <emstandard_opt3>;/testem/phys/addPhysics emstandard_opt4;PhysicsList::AddPhysicsList: <emstandard_opt4>;"
1000000000,1.2973,N/A,N/A,"PhysicsList::AddPhysicsList: <emstandard_opt3>;/testem/phys/addPhysics emstandard_opt4;PhysicsList::AddPhysicsList: <emstandard_opt4>;"
